{
  "branch": "vision_fusion",
  "input_dim": 1024,
  "best_val_macro_f1": 0.6945328640662763,
  "eval_source": "caer_s_validation_split",
  "accuracy": 0.6994015233949945,
  "macro_f1": 0.6945328640662763,
  "weighted_f1": 0.6945187212960371,
  "top2_accuracy": 0.8422198041349293,
  "test_accuracy": 0.6946455792682927,
  "test_macro_f1": 0.6896813573811882,
  "test_weighted_f1": 0.6896832233850609,
  "test_top2_accuracy": 0.8453696646341463,
  "test_source": "caer_s_in_domain_test",
  "classification_report": {
    "angry": {
      "precision": 0.6717557251908397,
      "recall": 0.6704761904761904,
      "f1-score": 0.6711153479504289,
      "support": 1050.0
    },
    "disgusted": {
      "precision": 0.7897574123989218,
      "recall": 0.8371428571428572,
      "f1-score": 0.812760055478502,
      "support": 1050.0
    },
    "fearful": {
      "precision": 0.8690582959641255,
      "recall": 0.9228571428571428,
      "f1-score": 0.8951501154734411,
      "support": 1050.0
    },
    "happy": {
      "precision": 0.6412729026036644,
      "recall": 0.6327307326355851,
      "f1-score": 0.6369731800766284,
      "support": 1051.0
    },
    "neutral": {
      "precision": 0.5575221238938053,
      "recall": 0.42,
      "f1-score": 0.4790874524714829,
      "support": 1050.0
    },
    "sad": {
      "precision": 0.711484593837535,
      "recall": 0.7257142857142858,
      "f1-score": 0.7185289957567186,
      "support": 1050.0
    },
    "surprised": {
      "precision": 0.6134239592183517,
      "recall": 0.686964795432921,
      "f1-score": 0.6481149012567325,
      "support": 1051.0
    },
    "accuracy": 0.6994015233949945,
    "macro avg": {
      "precision": 0.6934678590153205,
      "recall": 0.6994122863227118,
      "f1-score": 0.6945328640662763,
      "support": 7352.0
    },
    "weighted avg": {
      "precision": 0.6934498722285675,
      "recall": 0.6994015233949945,
      "f1-score": 0.6945187212960371,
      "support": 7352.0
    }
  },
  "test_classification_report": {
    "angry": {
      "precision": 0.6503473370823685,
      "recall": 0.6555518506168723,
      "f1-score": 0.6529392228495516,
      "support": 2999.0
    },
    "disgusted": {
      "precision": 0.7953753563509661,
      "recall": 0.8372790930310103,
      "f1-score": 0.8157894736842105,
      "support": 2999.0
    },
    "fearful": {
      "precision": 0.860061919504644,
      "recall": 0.9263087695898633,
      "f1-score": 0.8919569754374699,
      "support": 2999.0
    },
    "happy": {
      "precision": 0.6320626276378489,
      "recall": 0.6192064021340447,
      "f1-score": 0.6255684689236989,
      "support": 2999.0
    },
    "neutral": {
      "precision": 0.559842174484875,
      "recall": 0.42580860286762257,
      "f1-score": 0.4837121212121212,
      "support": 2999.0
    },
    "sad": {
      "precision": 0.6969893169310456,
      "recall": 0.7179059686562187,
      "f1-score": 0.7072930354796321,
      "support": 2999.0
    },
    "surprised": {
      "precision": 0.6230910201588271,
      "recall": 0.6804536357571714,
      "f1-score": 0.6505102040816326,
      "support": 2998.0
    },
    "accuracy": 0.6946455792682927,
    "macro avg": {
      "precision": 0.6882528217357964,
      "recall": 0.6946449032361146,
      "f1-score": 0.6896813573811882,
      "support": 20992.0
    },
    "weighted avg": {
      "precision": 0.6882559258612526,
      "recall": 0.6946455792682927,
      "f1-score": 0.6896832233850609,
      "support": 20992.0
    }
  }
}