{
  "branch": "scene",
  "input_dim": 512,
  "best_val_macro_f1": 0.7187511849017627,
  "eval_source": "caer_s_validation_split",
  "accuracy": 0.7259249183895539,
  "macro_f1": 0.7187511849017627,
  "weighted_f1": 0.7187352577632404,
  "top2_accuracy": 0.8639825897714908,
  "test_accuracy": 0.7280868902439024,
  "test_macro_f1": 0.7204721741065702,
  "test_weighted_f1": 0.7204734508055186,
  "test_top2_accuracy": 0.8631383384146342,
  "test_source": "caer_s_in_domain_test",
  "classification_report": {
    "angry": {
      "precision": 0.6420634920634921,
      "recall": 0.7704761904761904,
      "f1-score": 0.7004329004329004,
      "support": 1050.0
    },
    "disgusted": {
      "precision": 0.8334841628959276,
      "recall": 0.8771428571428571,
      "f1-score": 0.8547563805104408,
      "support": 1050.0
    },
    "fearful": {
      "precision": 0.8888888888888888,
      "recall": 0.9523809523809523,
      "f1-score": 0.9195402298850575,
      "support": 1050.0
    },
    "happy": {
      "precision": 0.6232686980609419,
      "recall": 0.6422454804947669,
      "f1-score": 0.6326148078725399,
      "support": 1051.0
    },
    "neutral": {
      "precision": 0.6593406593406593,
      "recall": 0.4,
      "f1-score": 0.4979253112033195,
      "support": 1050.0
    },
    "sad": {
      "precision": 0.7392550143266475,
      "recall": 0.7371428571428571,
      "f1-score": 0.7381974248927039,
      "support": 1050.0
    },
    "surprised": {
      "precision": 0.673972602739726,
      "recall": 0.7021883920076119,
      "f1-score": 0.6877912395153775,
      "support": 1051.0
    },
    "accuracy": 0.7259249183895539,
    "macro avg": {
      "precision": 0.7228962169023261,
      "recall": 0.7259395328064622,
      "f1-score": 0.7187511849017627,
      "support": 7352.0
    },
    "weighted avg": {
      "precision": 0.7228760113619286,
      "recall": 0.7259249183895539,
      "f1-score": 0.7187352577632404,
      "support": 7352.0
    }
  },
  "unseen_classification_report": {
    "angry": {
      "precision": 0.6595744680851063,
      "recall": 0.764921640546849,
      "f1-score": 0.7083526323915393,
      "support": 2999.0
    },
    "disgusted": {
      "precision": 0.817650676506765,
      "recall": 0.8866288762920974,
      "f1-score": 0.8507438809790433,
      "support": 2999.0
    },
    "fearful": {
      "precision": 0.904140127388535,
      "recall": 0.946648882960987,
      "f1-score": 0.9249063365368952,
      "support": 2999.0
    },
    "happy": {
      "precision": 0.6166219839142091,
      "recall": 0.6135378459486496,
      "f1-score": 0.6150760488049474,
      "support": 2999.0
    },
    "neutral": {
      "precision": 0.6637265711135611,
      "recall": 0.40146715571857283,
      "f1-score": 0.5003116559318512,
      "support": 2999.0
    },
    "sad": {
      "precision": 0.7294488188976378,
      "recall": 0.7722574191397132,
      "f1-score": 0.750242954324587,
      "support": 2999.0
    },
    "surprised": {
      "precision": 0.6770403302635757,
      "recall": 0.7111407605070047,
      "f1-score": 0.693671709777127,
      "support": 2998.0
    },
    "accuracy": 0.7280868902439024,
    "macro avg": {
      "precision": 0.724028996595627,
      "recall": 0.7280860830162676,
      "f1-score": 0.7204721741065702,
      "support": 20992.0
    },
    "weighted avg": {
      "precision": 0.7240312350038938,
      "recall": 0.7280868902439024,
      "f1-score": 0.7204734508055186,
      "support": 20992.0
    }
  }
}