{
  "branch": "vision_fusion_cross_gated",
  "input_dim": 1024,
  "best_val_macro_f1": 0.7740500041504327,
  "eval_source": "caer_s_validation_split",
  "accuracy": 0.779379760609358,
  "macro_f1": 0.7740500041504327,
  "weighted_f1": 0.774041684902102,
  "top2_accuracy": 0.8973068552774756,
  "test_accuracy": 0.7820121951219512,
  "test_macro_f1": 0.7773118249709307,
  "test_weighted_f1": 0.7773121014697284,
  "test_top2_accuracy": 0.897437118902439,
  "test_source": "caer_s_in_domain_test",
  "classification_report": {
    "angry": {
      "precision": 0.7303271441202476,
      "recall": 0.7866666666666666,
      "f1-score": 0.7574507106831728,
      "support": 1050.0
    },
    "disgusted": {
      "precision": 0.8687782805429864,
      "recall": 0.9142857142857143,
      "f1-score": 0.8909512761020881,
      "support": 1050.0
    },
    "fearful": {
      "precision": 0.8662092624356775,
      "recall": 0.9619047619047619,
      "f1-score": 0.9115523465703971,
      "support": 1050.0
    },
    "happy": {
      "precision": 0.7358490566037735,
      "recall": 0.7050428163653664,
      "f1-score": 0.7201166180758017,
      "support": 1051.0
    },
    "neutral": {
      "precision": 0.6875816993464052,
      "recall": 0.5009523809523809,
      "f1-score": 0.5796143250688706,
      "support": 1050.0
    },
    "sad": {
      "precision": 0.7884796978281398,
      "recall": 0.7952380952380952,
      "f1-score": 0.7918444760550024,
      "support": 1050.0
    },
    "surprised": {
      "precision": 0.743521000893655,
      "recall": 0.7916270218839201,
      "f1-score": 0.7668202764976959,
      "support": 1051.0
    },
    "accuracy": 0.779379760609358,
    "macro avg": {
      "precision": 0.7743923059672694,
      "recall": 0.7793882081852723,
      "f1-score": 0.7740500041504327,
      "support": 7352.0
    },
    "weighted avg": {
      "precision": 0.7743828643793427,
      "recall": 0.779379760609358,
      "f1-score": 0.774041684902102,
      "support": 7352.0
    }
  },
  "test_classification_report": {
    "angry": {
      "precision": 0.7257229832572298,
      "recall": 0.7949316438812938,
      "f1-score": 0.7587523870146403,
      "support": 2999.0
    },
    "disgusted": {
      "precision": 0.8516896120150188,
      "recall": 0.9076358786262088,
      "f1-score": 0.878773204196933,
      "support": 2999.0
    },
    "fearful": {
      "precision": 0.9038101186758276,
      "recall": 0.9649883294431477,
      "f1-score": 0.9333978390582164,
      "support": 2999.0
    },
    "happy": {
      "precision": 0.7161739130434782,
      "recall": 0.6865621873957986,
      "f1-score": 0.7010554988083078,
      "support": 2999.0
    },
    "neutral": {
      "precision": 0.6964125560538117,
      "recall": 0.51783927975992,
      "f1-score": 0.5939950277299675,
      "support": 2999.0
    },
    "sad": {
      "precision": 0.796593514575827,
      "recall": 0.8109369789929977,
      "f1-score": 0.8037012557832122,
      "support": 2999.0
    },
    "surprised": {
      "precision": 0.7527768962234211,
      "recall": 0.7911941294196131,
      "f1-score": 0.7715075622052366,
      "support": 2998.0
    },
    "accuracy": 0.7820121951219512,
    "macro avg": {
      "precision": 0.777597084834945,
      "recall": 0.7820126325027114,
      "f1-score": 0.7773118249709307,
      "support": 20992.0
    },
    "weighted avg": {
      "precision": 0.7775982671991127,
      "recall": 0.7820121951219512,
      "f1-score": 0.7773121014697284,
      "support": 20992.0
    }
  }
}